read_id	length	assignment	best_to_second_ratio	marker_evidence	pCK773	pCK1234
0_G63WGW_1	7163	pCK773	1637.250	oriT; incP origin of transfer; CloDF13 ori; TetR-Ptet; PTetR	6549	4
1_G63WGW_1	7179	pCK773	1640.500	oriT; incP origin of transfer; CloDF13 ori; TetR-Ptet; PTetR	6562	4
2_G63WGW_1	7184	pCK773	1667.750	oriT; incP origin of transfer; CloDF13 ori; TetR-Ptet; PTetR	6671	4
3_G63WGW_1	7168	pCK773	1622.500	oriT; incP origin of transfer; CloDF13 ori; TetR-Ptet; PTetR	6490	4
4_G63WGW_1	7169	pCK773	1656.750	oriT; incP origin of transfer; CloDF13 ori; TetR-Ptet; PTetR	6627	4
5_G63WGW_1	7161	pCK773	1628.250	oriT; incP origin of transfer; CloDF13 ori; TetR-Ptet; PTetR	6513	4
6_G63WGW_1	7177	pCK773	1469.250	oriT; incP origin of transfer; CloDF13 ori; TetR-Ptet; PTetR	5877	4
7_G63WGW_1	7164	pCK773	1573.500	oriT; incP origin of transfer; CloDF13 ori; TetR-Ptet; PTetR	6294	4
8_G63WGW_1	7127	pCK773	1560.000	oriT; incP origin of transfer; CloDF13 ori; TetR-Ptet; PTetR	6240	4
9_G63WGW_1	7179	pCK773	1636.000	oriT; incP origin of transfer; CloDF13 ori; TetR-Ptet; PTetR	6544	4
10_G63WGW_1	7162	pCK773	1617.750	oriT; incP origin of transfer; CloDF13 ori; TetR-Ptet; PTetR	6471	4
11_G63WGW_1	7173	pCK773	1644.500	oriT; incP origin of transfer; CloDF13 ori; TetR-Ptet; PTetR	6578	4
12_G63WGW_1	7188	pCK773	6531.000	oriT; incP origin of transfer; CloDF13 ori; TetR-Ptet; PTetR	6531	0
13_G63WGW_1	7189	pCK773	1655.500	oriT; incP origin of transfer; CloDF13 ori; TetR-Ptet; PTetR	6622	4
14_G63WGW_1	7161	pCK773	1609.250	oriT; incP origin of transfer; CloDF13 ori; TetR-Ptet; PTetR	6437	4
15_G63WGW_1	7158	pCK773	1543.500	oriT; incP origin of transfer; CloDF13 ori; TetR-Ptet; PTetR	6174	4
16_G63WGW_1	7159	pCK773	6331.000	oriT; incP origin of transfer; CloDF13 ori; TetR-Ptet; PTetR	6331	0
17_G63WGW_1	7167	pCK773	1658.250	oriT; incP origin of transfer; CloDF13 ori; TetR-Ptet; PTetR	6633	4
18_G63WGW_1	7166	pCK773	1623.500	oriT; incP origin of transfer; CloDF13 ori; TetR-Ptet; PTetR	6494	4
19_G63WGW_1	7182	pCK773	1615.000	oriT; incP origin of transfer; CloDF13 ori; TetR-Ptet; PTetR	6460	4
20_G63WGW_1	7175	pCK773	1660.000	oriT; incP origin of transfer; CloDF13 ori; TetR-Ptet; PTetR	6640	4
21_G63WGW_1	7152	pCK773	1587.750	oriT; incP origin of transfer; CloDF13 ori; TetR-Ptet; PTetR	6351	4
22_G63WGW_1	7183	pCK773	1629.500	oriT; incP origin of transfer; CloDF13 ori; TetR-Ptet; PTetR	6518	4
23_G63WGW_1	7176	pCK773	1622.000	oriT; incP origin of transfer; CloDF13 ori; TetR-Ptet; PTetR	6488	4
24_G63WGW_1	7172	pCK773	1664.000	oriT; incP origin of transfer; CloDF13 ori; TetR-Ptet; PTetR	6656	4
25_G63WGW_1	7172	pCK773	1636.250	oriT; incP origin of transfer; CloDF13 ori; TetR-Ptet; PTetR	6545	4
26_G63WGW_1	7164	pCK773	1587.000	oriT; incP origin of transfer; CloDF13 ori; TetR-Ptet; PTetR	6348	4
27_G63WGW_1	7189	pCK773	1608.000	oriT; incP origin of transfer; CloDF13 ori; TetR-Ptet; PTetR	6432	4
28_G63WGW_1	7166	pCK773	1586.250	oriT; incP origin of transfer; CloDF13 ori; TetR-Ptet; PTetR	6345	4
29_G63WGW_1	7176	pCK773	1657.000	oriT; incP origin of transfer; CloDF13 ori; TetR-Ptet; PTetR	6628	4
30_G63WGW_1	7156	pCK773	5885.000	oriT; incP origin of transfer; CloDF13 ori; TetR-Ptet; PTetR	5885	0
31_G63WGW_1	1645	pCK773	1471.000	TetR-Ptet	1471	0
32_G63WGW_1	7145	pCK773	871.571	oriT; incP origin of transfer; CloDF13 ori; TetR-Ptet; PTetR	6101	7
33_G63WGW_1	7129	pCK773	1434.500	oriT; incP origin of transfer; CloDF13 ori; TetR-Ptet; PTetR	5738	4
34_G63WGW_1	7179	pCK773	1649.750	oriT; incP origin of transfer; CloDF13 ori; TetR-Ptet; PTetR	6599	4
35_G63WGW_1	3046	pCK773	672.250	oriT; incP origin of transfer; CloDF13 ori; TetR-Ptet; PTetR	2689	4
36_G63WGW_1	7180	pCK773	1654.000	oriT; incP origin of transfer; CloDF13 ori; TetR-Ptet; PTetR	6616	4
37_G63WGW_1	7182	pCK773	1571.250	oriT; incP origin of transfer; CloDF13 ori; TetR-Ptet; PTetR	6285	4
38_G63WGW_1	7177	pCK773	1654.500	oriT; incP origin of transfer; CloDF13 ori; TetR-Ptet; PTetR	6618	4
39_G63WGW_1	7170	pCK773	1621.000	oriT; incP origin of transfer; CloDF13 ori; TetR-Ptet; PTetR	6484	4
40_G63WGW_1	7064	pCK773	6300.000	oriT; incP origin of transfer; CloDF13 ori; TetR-Ptet; PTetR	6300	0
41_G63WGW_1	7123	pCK773	1012.833	oriT; incP origin of transfer; CloDF13 ori; TetR-Ptet; PTetR	6077	6
42_G63WGW_1	7164	pCK773	1623.000	oriT; incP origin of transfer; CloDF13 ori; TetR-Ptet; PTetR	6492	4
43_G63WGW_1	7170	pCK773	1663.000	oriT; incP origin of transfer; CloDF13 ori; TetR-Ptet; PTetR	6652	4
44_G63WGW_1	4158	pCK773	3820.000	CloDF13 ori	3820	0
45_G63WGW_1	2243	pCK773	2122.000		2122	0
46_G63WGW_1	4582	pCK773	3882.000	oriT; incP origin of transfer; CloDF13 ori	3882	0
47_G63WGW_1	7171	pCK773	1628.500	oriT; incP origin of transfer; CloDF13 ori; TetR-Ptet; PTetR	6514	4
48_G63WGW_1	7179	pCK773	1651.750	oriT; incP origin of transfer; CloDF13 ori; TetR-Ptet; PTetR	6607	4
49_G63WGW_1	7174	pCK773	1625.000	oriT; incP origin of transfer; CloDF13 ori; TetR-Ptet; PTetR	6500	4
50_G63WGW_1	7162	pCK773	1624.250	oriT; incP origin of transfer; CloDF13 ori; TetR-Ptet; PTetR	6497	4
51_G63WGW_1	2349	pCK773	488.000	TetR-Ptet; PTetR	1952	4
52_G63WGW_1	7176	pCK773	1656.500	oriT; incP origin of transfer; CloDF13 ori; TetR-Ptet; PTetR	6626	4
53_G63WGW_1	7175	pCK773	1472.250	oriT; incP origin of transfer; CloDF13 ori; TetR-Ptet; PTetR	5889	4
54_G63WGW_1	7179	pCK773	1663.500	oriT; incP origin of transfer; CloDF13 ori; TetR-Ptet; PTetR	6654	4
55_G63WGW_1	7170	pCK773	1625.250	oriT; incP origin of transfer; CloDF13 ori; TetR-Ptet; PTetR	6501	4
56_G63WGW_1	7172	pCK773	1474.000	oriT; incP origin of transfer; CloDF13 ori; TetR-Ptet; PTetR	5896	4
57_G63WGW_1	7173	pCK773	1648.000	oriT; incP origin of transfer; CloDF13 ori; TetR-Ptet; PTetR	6592	4
58_G63WGW_1	7175	pCK773	1681.500	oriT; incP origin of transfer; CloDF13 ori; TetR-Ptet; PTetR	6726	4
59_G63WGW_1	7179	pCK773	1653.750	oriT; incP origin of transfer; CloDF13 ori; TetR-Ptet; PTetR	6615	4
60_G63WGW_1	7121	pCK773	1495.750	oriT; incP origin of transfer; CloDF13 ori; TetR-Ptet; PTetR	5983	4
61_G63WGW_1	7176	pCK773	1644.750	oriT; incP origin of transfer; CloDF13 ori; TetR-Ptet; PTetR	6579	4
62_G63WGW_1	7161	pCK773	1590.750	oriT; incP origin of transfer; CloDF13 ori; TetR-Ptet; PTetR	6363	4
63_G63WGW_1	7176	pCK773	1670.250	oriT; incP origin of transfer; CloDF13 ori; TetR-Ptet; PTetR	6681	4
64_G63WGW_1	7167	pCK773	1595.750	oriT; incP origin of transfer; CloDF13 ori; TetR-Ptet; PTetR	6383	4
65_G63WGW_1	7188	pCK773	1625.750	oriT; incP origin of transfer; CloDF13 ori; TetR-Ptet; PTetR	6503	4
66_G63WGW_1	7170	pCK773	1650.500	oriT; incP origin of transfer; CloDF13 ori; TetR-Ptet; PTetR	6602	4
67_G63WGW_1	7152	pCK773	1539.000	oriT; incP origin of transfer; CloDF13 ori; TetR-Ptet; PTetR	6156	4
68_G63WGW_1	7169	pCK773	1672.250	oriT; incP origin of transfer; CloDF13 ori; TetR-Ptet; PTetR	6689	4
69_G63WGW_1	7180	pCK773	1606.000	oriT; incP origin of transfer; CloDF13 ori; TetR-Ptet; PTetR	6424	4
70_G63WGW_1	7165	pCK773	1557.250	oriT; incP origin of transfer; CloDF13 ori; TetR-Ptet; PTetR	6229	4
71_G63WGW_1	7168	pCK773	1423.750	oriT; incP origin of transfer; CloDF13 ori; TetR-Ptet; PTetR	5695	4
72_G63WGW_1	7177	pCK773	1676.500	oriT; incP origin of transfer; CloDF13 ori; TetR-Ptet; PTetR	6706	4
73_G63WGW_1	7176	pCK773	6476.000	oriT; incP origin of transfer; CloDF13 ori; TetR-Ptet; PTetR	6476	0
74_G63WGW_1	7173	pCK773	1652.250	oriT; incP origin of transfer; CloDF13 ori; TetR-Ptet; PTetR	6609	4
75_G63WGW_1	7173	pCK773	1307.000	oriT; incP origin of transfer; CloDF13 ori; TetR-Ptet; PTetR	6535	5
76_G63WGW_1	7170	pCK773	1635.750	oriT; incP origin of transfer; CloDF13 ori; TetR-Ptet; PTetR	6543	4
77_G63WGW_1	7166	pCK773	1656.500	oriT; incP origin of transfer; CloDF13 ori; TetR-Ptet; PTetR	6626	4
78_G63WGW_1	7144	pCK773	1483.500	oriT; incP origin of transfer; CloDF13 ori; TetR-Ptet; PTetR	5934	4
79_G63WGW_1	14345	pCK773	1343.400	oriT; incP origin of transfer; CloDF13 ori; TetR-Ptet; PTetR	6717	5
80_G63WGW_1	7172	pCK773	1635.000	oriT; incP origin of transfer; CloDF13 ori; TetR-Ptet; PTetR	6540	4
81_G63WGW_1	7167	pCK773	905.714	oriT; incP origin of transfer; CloDF13 ori; TetR-Ptet; PTetR	6340	7
82_G63WGW_1	14293	pCK773	1684.500	oriT; incP origin of transfer; CloDF13 ori; TetR-Ptet; PTetR	6738	4
83_G63WGW_1	1489	pCK773	1372.000	CloDF13 ori	1372	0
84_G63WGW_1	7169	pCK773	1617.250	oriT; incP origin of transfer; CloDF13 ori; TetR-Ptet; PTetR	6469	4
85_G63WGW_1	7154	pCK773	1584.500	oriT; incP origin of transfer; CloDF13 ori; TetR-Ptet; PTetR	6338	4
86_G63WGW_1	7161	pCK773	1600.500	oriT; incP origin of transfer; CloDF13 ori; TetR-Ptet; PTetR	6402	4
87_G63WGW_1	5840	pCK773	5139.000	oriT; incP origin of transfer; CloDF13 ori; TetR-Ptet; PTetR	5139	0
88_G63WGW_1	7173	pCK773	1583.000	oriT; incP origin of transfer; CloDF13 ori; TetR-Ptet; PTetR	6332	4
89_G63WGW_1	2417	pCK773	2225.000	CloDF13 ori	2225	0
90_G63WGW_1	7136	pCK773	1174.200	oriT; incP origin of transfer; CloDF13 ori; TetR-Ptet; PTetR	5871	5
91_G63WGW_1	5533	pCK773	5120.000	CloDF13 ori; TetR-Ptet; PTetR	5120	0
92_G63WGW_1	7177	pCK773	1620.750	oriT; incP origin of transfer; CloDF13 ori; TetR-Ptet; PTetR	6483	4
93_G63WGW_1	1534	pCK773	1365.000		1365	0
94_G63WGW_1	7172	pCK773	1286.600	oriT; incP origin of transfer; CloDF13 ori; TetR-Ptet; PTetR	6433	5
95_G63WGW_1	1300	pCK773	1176.000		1176	0
96_G63WGW_1	7128	pCK773	1502.250	oriT; incP origin of transfer; CloDF13 ori; TetR-Ptet; PTetR	6009	4
97_G63WGW_1	7149	pCK773	585.100	oriT; incP origin of transfer; CloDF13 ori; TetR-Ptet; PTetR	5851	10
98_G63WGW_1	7173	pCK773	1661.000	oriT; incP origin of transfer; CloDF13 ori; TetR-Ptet; PTetR	6644	4
99_G63WGW_1	1539	pCK773	1313.000		1313	0
100_G63WGW_1	7168	pCK773	1641.500	oriT; incP origin of transfer; CloDF13 ori; TetR-Ptet; PTetR	6566	4
101_G63WGW_1	7192	pCK773	6469.000	oriT; incP origin of transfer; CloDF13 ori; TetR-Ptet; PTetR	6469	0
102_G63WGW_1	14347	pCK773	1696.250	oriT; incP origin of transfer; CloDF13 ori; TetR-Ptet; PTetR	6785	4
103_G63WGW_1	7181	pCK773	1662.250	oriT; incP origin of transfer; CloDF13 ori; TetR-Ptet; PTetR	6649	4
104_G63WGW_1	7170	pCK773	937.857	oriT; incP origin of transfer; CloDF13 ori; TetR-Ptet; PTetR	6565	7
105_G63WGW_1	7174	pCK773	1319.200	oriT; incP origin of transfer; CloDF13 ori; TetR-Ptet; PTetR	6596	5
106_G63WGW_1	7168	pCK773	1611.750	oriT; incP origin of transfer; CloDF13 ori; TetR-Ptet; PTetR	6447	4
107_G63WGW_1	7168	pCK773	1652.000	oriT; incP origin of transfer; CloDF13 ori; TetR-Ptet; PTetR	6608	4
108_G63WGW_1	7160	pCK773	1614.500	oriT; incP origin of transfer; CloDF13 ori; TetR-Ptet; PTetR	6458	4
109_G63WGW_1	7159	pCK773	1629.000	oriT; incP origin of transfer; CloDF13 ori; TetR-Ptet; PTetR	6516	4
110_G63WGW_1	1494	pCK773	325.750	oriT; TetR-Ptet; PTetR	1303	4
111_G63WGW_1	7162	pCK773	1616.500	oriT; incP origin of transfer; CloDF13 ori; TetR-Ptet; PTetR	6466	4
112_G63WGW_1	7173	pCK773	6069.000	oriT; incP origin of transfer; CloDF13 ori; TetR-Ptet; PTetR	6069	0
113_G63WGW_1	7168	pCK773	1637.250	oriT; incP origin of transfer; CloDF13 ori; TetR-Ptet; PTetR	6549	4
114_G63WGW_1	7170	pCK773	1518.500	oriT; incP origin of transfer; CloDF13 ori; TetR-Ptet; PTetR	6074	4
115_G63WGW_1	7183	pCK773	1631.000	oriT; incP origin of transfer; CloDF13 ori; TetR-Ptet; PTetR	6524	4
116_G63WGW_1	7170	pCK773	1627.750	oriT; incP origin of transfer; CloDF13 ori; TetR-Ptet; PTetR	6511	4
117_G63WGW_1	7171	pCK773	1591.250	oriT; incP origin of transfer; CloDF13 ori; TetR-Ptet; PTetR	6365	4
118_G63WGW_1	7170	pCK773	6688.000	oriT; incP origin of transfer; CloDF13 ori; TetR-Ptet; PTetR	6688	0
119_G63WGW_1	7185	pCK773	1630.500	oriT; incP origin of transfer; CloDF13 ori; TetR-Ptet; PTetR	6522	4
120_G63WGW_1	7179	pCK773	6578.000	oriT; incP origin of transfer; CloDF13 ori; TetR-Ptet; PTetR	6578	0
121_G63WGW_1	7165	pCK773	1651.750	oriT; incP origin of transfer; CloDF13 ori; TetR-Ptet; PTetR	6607	4
122_G63WGW_1	7175	pCK773	1641.000	oriT; incP origin of transfer; CloDF13 ori; TetR-Ptet; PTetR	6564	4
123_G63WGW_1	7177	pCK773	1620.250	oriT; incP origin of transfer; CloDF13 ori; TetR-Ptet; PTetR	6481	4
124_G63WGW_1	7173	pCK773	1631.250	oriT; incP origin of transfer; CloDF13 ori; TetR-Ptet; PTetR	6525	4
125_G63WGW_1	7176	pCK773	1631.000	oriT; incP origin of transfer; CloDF13 ori; TetR-Ptet; PTetR	6524	4
126_G63WGW_1	7180	pCK773	1664.000	oriT; incP origin of transfer; CloDF13 ori; TetR-Ptet; PTetR	6656	4
127_G63WGW_1	7142	pCK773	1519.750	oriT; incP origin of transfer; CloDF13 ori; TetR-Ptet; PTetR	6079	4
128_G63WGW_1	7177	pCK773	1669.500	oriT; incP origin of transfer; CloDF13 ori; TetR-Ptet; PTetR	6678	4
129_G63WGW_1	7178	pCK773	1647.250	oriT; incP origin of transfer; CloDF13 ori; TetR-Ptet; PTetR	6589	4
130_G63WGW_1	7171	pCK773	1630.250	oriT; incP origin of transfer; CloDF13 ori; TetR-Ptet; PTetR	6521	4
131_G63WGW_1	7166	pCK773	1628.250	oriT; incP origin of transfer; CloDF13 ori; TetR-Ptet; PTetR	6513	4
132_G63WGW_1	7184	pCK773	1605.750	oriT; incP origin of transfer; CloDF13 ori; TetR-Ptet; PTetR	6423	4
133_G63WGW_1	7173	pCK773	1646.250	oriT; incP origin of transfer; CloDF13 ori; TetR-Ptet; PTetR	6585	4
134_G63WGW_1	7180	pCK773	1635.500	oriT; incP origin of transfer; CloDF13 ori; TetR-Ptet; PTetR	6542	4
135_G63WGW_1	7166	pCK773	1617.500	oriT; incP origin of transfer; CloDF13 ori; TetR-Ptet; PTetR	6470	4
136_G63WGW_1	7168	pCK773	1588.750	oriT; incP origin of transfer; CloDF13 ori; TetR-Ptet; PTetR	6355	4
137_G63WGW_1	7172	pCK773	1638.500	oriT; incP origin of transfer; CloDF13 ori; TetR-Ptet; PTetR	6554	4
138_G63WGW_1	7160	pCK773	1594.500	oriT; incP origin of transfer; CloDF13 ori; TetR-Ptet; PTetR	6378	4
139_G63WGW_1	2835	pCK773	636.000	oriT; incP origin of transfer; CloDF13 ori; TetR-Ptet; PTetR	2544	4
140_G63WGW_1	7178	pCK773	1646.500	oriT; incP origin of transfer; CloDF13 ori; TetR-Ptet; PTetR	6586	4
141_G63WGW_1	7170	pCK773	1433.000	oriT; incP origin of transfer; CloDF13 ori; TetR-Ptet; PTetR	5732	4
142_G63WGW_1	7168	pCK773	1628.750	oriT; incP origin of transfer; CloDF13 ori; TetR-Ptet; PTetR	6515	4
143_G63WGW_1	7176	pCK773	1648.500	oriT; incP origin of transfer; CloDF13 ori; TetR-Ptet; PTetR	6594	4
144_G63WGW_1	7178	pCK773	1647.250	oriT; incP origin of transfer; CloDF13 ori; TetR-Ptet; PTetR	6589	4
145_G63WGW_1	7188	pCK773	5961.000	oriT; incP origin of transfer; CloDF13 ori; TetR-Ptet; PTetR	5961	0
146_G63WGW_1	7178	pCK773	1654.000	oriT; incP origin of transfer; CloDF13 ori; TetR-Ptet; PTetR	6616	4
147_G63WGW_1	7145	pCK773	1478.500	oriT; incP origin of transfer; CloDF13 ori; TetR-Ptet; PTetR	5914	4
148_G63WGW_1	7157	pCK773	1283.500	oriT; incP origin of transfer; CloDF13 ori; TetR-Ptet; PTetR	5134	4
149_G63WGW_1	7172	pCK773	1678.000	oriT; incP origin of transfer; CloDF13 ori; TetR-Ptet; PTetR	6712	4
150_G63WGW_1	7179	pCK773	6564.000	oriT; incP origin of transfer; CloDF13 ori; TetR-Ptet; PTetR	6564	0
151_G63WGW_1	3593	pCK773	736.750	oriT; incP origin of transfer; CloDF13 ori	2947	4
152_G63WGW_1	1846	pCK773	1638.000		1638	0
153_G63WGW_1	7181	pCK773	1627.250	oriT; incP origin of transfer; CloDF13 ori; TetR-Ptet; PTetR	6509	4
154_G63WGW_1	7155	pCK773	1038.000	oriT; incP origin of transfer; CloDF13 ori; TetR-Ptet; PTetR	6228	6
155_G63WGW_1	7168	pCK773	1640.000	oriT; incP origin of transfer; CloDF13 ori; TetR-Ptet; PTetR	6560	4
156_G63WGW_1	7170	pCK773	1516.750	oriT; incP origin of transfer; CloDF13 ori; TetR-Ptet; PTetR	6067	4
157_G63WGW_1	14353	pCK773	1693.500	oriT; incP origin of transfer; CloDF13 ori; TetR-Ptet; PTetR	6774	4
158_G63WGW_1	7151	pCK773	6229.000	oriT; incP origin of transfer; CloDF13 ori; TetR-Ptet; PTetR	6229	0
159_G63WGW_1	5678	pCK773	1281.500	TetR-Ptet; PTetR	5126	4
160_G63WGW_1	7175	pCK773	1624.000	oriT; incP origin of transfer; CloDF13 ori; TetR-Ptet; PTetR	6496	4
161_G63WGW_1	7167	pCK773	1676.000	oriT; incP origin of transfer; CloDF13 ori; TetR-Ptet; PTetR	6704	4
162_G63WGW_1	7001	pCK773	1545.500	oriT; incP origin of transfer; CloDF13 ori; TetR-Ptet; PTetR	6182	4
163_G63WGW_1	7178	pCK773	1614.500	oriT; incP origin of transfer; CloDF13 ori; TetR-Ptet; PTetR	6458	4
164_G63WGW_1	14362	pCK773	1696.500	oriT; incP origin of transfer; CloDF13 ori; TetR-Ptet; PTetR	6786	4
165_G63WGW_1	7171	pCK773	1480.000	oriT; incP origin of transfer; CloDF13 ori; TetR-Ptet; PTetR	5920	4
166_G63WGW_1	7168	pCK773	1556.750	oriT; incP origin of transfer; CloDF13 ori; TetR-Ptet; PTetR	6227	4
167_G63WGW_1	7165	pCK773	1657.250	oriT; incP origin of transfer; CloDF13 ori; TetR-Ptet; PTetR	6629	4
168_G63WGW_1	7184	pCK773	1623.000	oriT; incP origin of transfer; CloDF13 ori; TetR-Ptet; PTetR	6492	4
169_G63WGW_1	7168	pCK773	1625.750	oriT; incP origin of transfer; CloDF13 ori; TetR-Ptet; PTetR	6503	4
170_G63WGW_1	7164	pCK773	1646.750	oriT; incP origin of transfer; CloDF13 ori; TetR-Ptet; PTetR	6587	4
171_G63WGW_1	7171	pCK773	6363.000	oriT; incP origin of transfer; CloDF13 ori; TetR-Ptet; PTetR	6363	0
172_G63WGW_1	7167	pCK773	1620.750	oriT; incP origin of transfer; CloDF13 ori; TetR-Ptet; PTetR	6483	4
173_G63WGW_1	7186	pCK773	1648.000	oriT; incP origin of transfer; CloDF13 ori; TetR-Ptet; PTetR	6592	4
174_G63WGW_1	7163	pCK773	1630.750	oriT; incP origin of transfer; CloDF13 ori; TetR-Ptet; PTetR	6523	4
175_G63WGW_1	7158	pCK773	1547.750	oriT; incP origin of transfer; CloDF13 ori; TetR-Ptet; PTetR	6191	4
176_G63WGW_1	7183	pCK773	1633.000	oriT; incP origin of transfer; CloDF13 ori; TetR-Ptet; PTetR	6532	4
177_G63WGW_1	7171	pCK773	1650.250	oriT; incP origin of transfer; CloDF13 ori; TetR-Ptet; PTetR	6601	4
178_G63WGW_1	7159	pCK773	1634.250	oriT; incP origin of transfer; CloDF13 ori; TetR-Ptet; PTetR	6537	4
179_G63WGW_1	7179	pCK773	1285.400	oriT; incP origin of transfer; CloDF13 ori; TetR-Ptet; PTetR	6427	5
180_G63WGW_1	7151	pCK773	5873.000	oriT; incP origin of transfer; CloDF13 ori; TetR-Ptet; PTetR	5873	0
181_G63WGW_1	1708	pCK773	343.500	TetR-Ptet; PTetR	1374	4
182_G63WGW_1	7165	pCK773	1607.000	oriT; incP origin of transfer; CloDF13 ori; TetR-Ptet; PTetR	6428	4
183_G63WGW_1	7168	pCK773	1625.500	oriT; incP origin of transfer; CloDF13 ori; TetR-Ptet; PTetR	6502	4
184_G63WGW_1	7169	pCK773	1506.500	oriT; incP origin of transfer; CloDF13 ori; TetR-Ptet; PTetR	6026	4
185_G63WGW_1	7190	pCK773	1614.250	oriT; incP origin of transfer; CloDF13 ori; TetR-Ptet; PTetR	6457	4
186_G63WGW_1	7182	pCK773	6427.000	oriT; incP origin of transfer; CloDF13 ori; TetR-Ptet; PTetR	6427	0
187_G63WGW_1	7155	pCK773	1483.500	oriT; incP origin of transfer; CloDF13 ori; TetR-Ptet; PTetR	5934	4
188_G63WGW_1	14348	pCK773	1359.800	oriT; incP origin of transfer; CloDF13 ori; TetR-Ptet; PTetR	6799	5
189_G63WGW_1	7168	pCK773	1632.000	oriT; incP origin of transfer; CloDF13 ori; TetR-Ptet; PTetR	6528	4
190_G63WGW_1	7180	pCK773	1614.500	oriT; incP origin of transfer; CloDF13 ori; TetR-Ptet; PTetR	6458	4
191_G63WGW_1	7146	pCK773	1466.000	oriT; incP origin of transfer; CloDF13 ori; TetR-Ptet; PTetR	5864	4
192_G63WGW_1	7174	pCK773	1660.250	oriT; incP origin of transfer; CloDF13 ori; TetR-Ptet; PTetR	6641	4
193_G63WGW_1	7175	pCK773	1586.000	oriT; incP origin of transfer; CloDF13 ori; TetR-Ptet; PTetR	6344	4
194_G63WGW_1	7177	pCK773	6585.000	oriT; incP origin of transfer; CloDF13 ori; TetR-Ptet; PTetR	6585	0
195_G63WGW_1	5194	pCK773	1176.000	TetR-Ptet; PTetR	4704	4
196_G63WGW_1	7182	pCK773	1632.750	oriT; incP origin of transfer; CloDF13 ori; TetR-Ptet; PTetR	6531	4
197_G63WGW_1	1663	pCK773	1649.000		1649	0
198_G63WGW_1	7150	pCK773	1617.250	oriT; incP origin of transfer; CloDF13 ori; TetR-Ptet; PTetR	6469	4
199_G63WGW_1	2540	pCK773	2508.000		2508	0
200_G63WGW_1	7179	pCK773	1652.750	oriT; incP origin of transfer; CloDF13 ori; TetR-Ptet; PTetR	6611	4
201_G63WGW_1	1850	pCK773	1570.000		1570	0
202_G63WGW_1	7180	pCK773	1673.500	oriT; incP origin of transfer; CloDF13 ori; TetR-Ptet; PTetR	6694	4
203_G63WGW_1	7171	pCK773	1617.750	oriT; incP origin of transfer; CloDF13 ori; TetR-Ptet; PTetR	6471	4
204_G63WGW_1	7174	pCK773	1629.500	oriT; incP origin of transfer; CloDF13 ori; TetR-Ptet; PTetR	6518	4
205_G63WGW_1	7170	pCK773	1646.000	oriT; incP origin of transfer; CloDF13 ori; TetR-Ptet; PTetR	6584	4
206_G63WGW_1	7170	pCK773	1632.250	oriT; incP origin of transfer; CloDF13 ori; TetR-Ptet; PTetR	6529	4
207_G63WGW_1	7170	pCK773	1367.750	oriT; incP origin of transfer; CloDF13 ori; TetR-Ptet; PTetR	5471	4
208_G63WGW_1	7142	pCK773	1541.000	oriT; incP origin of transfer; CloDF13 ori; TetR-Ptet; PTetR	6164	4
209_G63WGW_1	5976	pCK773	5253.000	oriT; incP origin of transfer; CloDF13 ori; TetR-Ptet; PTetR	5253	0
210_G63WGW_1	7161	pCK773	1608.500	oriT; incP origin of transfer; CloDF13 ori; TetR-Ptet; PTetR	6434	4
211_G63WGW_1	7184	pCK773	1638.250	oriT; incP origin of transfer; CloDF13 ori; TetR-Ptet; PTetR	6553	4
212_G63WGW_1	1578	pCK773	320.750	TetR-Ptet; PTetR	1283	4
213_G63WGW_1	7188	pCK773	1603.750	oriT; incP origin of transfer; CloDF13 ori; TetR-Ptet; PTetR	6415	4
214_G63WGW_1	7174	pCK773	6687.000	oriT; incP origin of transfer; CloDF13 ori; TetR-Ptet; PTetR	6687	0
215_G63WGW_1	7182	pCK773	1647.250	oriT; incP origin of transfer; CloDF13 ori; TetR-Ptet; PTetR	6589	4
216_G63WGW_1	7195	pCK773	1591.000	oriT; incP origin of transfer; CloDF13 ori; TetR-Ptet; PTetR	6364	4
217_G63WGW_1	7175	pCK773	1623.500	oriT; incP origin of transfer; CloDF13 ori; TetR-Ptet; PTetR	6494	4
