read_id	length	assignment	best_to_second_ratio	marker_evidence	pCK395	pCK783
0_SXL45W_2	4116	pCK783	154.357	AmpR promoter; AmpR; origin pSC101; ori	14	2161
1_SXL45W_2	4156	pCK783	176.071	AmpR promoter; AmpR; origin pSC101; ori	14	2465
2_SXL45W_2	4166	pCK783	177.857	AmpR promoter; AmpR; origin pSC101; ori	14	2490
3_SXL45W_2	4155	pCK783	272.444	AmpR promoter; AmpR; origin pSC101; ori	9	2452
4_SXL45W_2	1244	pCK783	851.000	AmpR; origin pSC101	1	851
5_SXL45W_2	4164	pCK783	174.643	AmpR promoter; AmpR; origin pSC101; ori	14	2445
6_SXL45W_2	4152	pCK783	166.071	AmpR promoter; AmpR; origin pSC101; ori	14	2325
7_SXL45W_2	1194	pCK783	643.000	origin pSC101; ori	0	643
8_SXL45W_2	4160	pCK783	175.643	AmpR promoter; AmpR; origin pSC101; ori	14	2459
9_SXL45W_2	4155	pCK783	172.714	AmpR promoter; AmpR; origin pSC101; ori	14	2418
10_SXL45W_2	4162	pCK783	169.571	AmpR promoter; AmpR; origin pSC101; ori	14	2374
11_SXL45W_2	4163	pCK783	168.714	AmpR promoter; AmpR; origin pSC101; ori	14	2362
12_SXL45W_2	4165	pCK783	176.143	AmpR promoter; AmpR; origin pSC101; ori	14	2466
13_SXL45W_2	4137	pCK783	172.357	AmpR promoter; AmpR; origin pSC101; ori	14	2413
14_SXL45W_2	4155	pCK783	167.571	AmpR promoter; AmpR; origin pSC101; ori	14	2346
15_SXL45W_2	4147	pCK783	178.000	AmpR promoter; AmpR; origin pSC101; ori	14	2492
16_SXL45W_2	4156	pCK783	165.500	AmpR promoter; AmpR; origin pSC101; ori	14	2317
17_SXL45W_2	4154	pCK783	179.357	AmpR promoter; AmpR; origin pSC101; ori	14	2511
18_SXL45W_2	4145	pCK783	149.786	AmpR promoter; AmpR; origin pSC101; ori	14	2097
19_SXL45W_2	4145	pCK783	175.214	AmpR promoter; AmpR; origin pSC101; ori	14	2453
20_SXL45W_2	4157	pCK783	177.786	AmpR promoter; AmpR; origin pSC101; ori	14	2489
21_SXL45W_2	4155	pCK783	173.500	AmpR promoter; AmpR; origin pSC101; ori	14	2429
22_SXL45W_2	4156	pCK783	169.857	AmpR promoter; AmpR; origin pSC101; ori	14	2378
23_SXL45W_2	4152	pCK783	2381.000	AmpR promoter; AmpR; origin pSC101; ori	0	2381
24_SXL45W_2	4149	pCK783	166.286	AmpR promoter; AmpR; origin pSC101; ori	14	2328
25_SXL45W_2	4164	pCK783	166.429	AmpR promoter; AmpR; origin pSC101; ori	14	2330
26_SXL45W_2	4151	pCK783	152.143	AmpR promoter; AmpR; origin pSC101; ori	14	2130
27_SXL45W_2	4154	pCK783	166.143	AmpR promoter; AmpR; origin pSC101; ori	14	2326
28_SXL45W_2	4153	pCK783	174.571	AmpR promoter; AmpR; origin pSC101; ori	14	2444
29_SXL45W_2	4157	pCK783	176.857	AmpR promoter; AmpR; origin pSC101; ori	14	2476
30_SXL45W_2	4165	pCK783	210.636	AmpR promoter; AmpR; origin pSC101; ori	11	2317
31_SXL45W_2	4157	pCK783	174.643	AmpR promoter; AmpR; origin pSC101; ori	14	2445
32_SXL45W_2	4164	pCK783	177.429	AmpR promoter; AmpR; origin pSC101; ori	14	2484
33_SXL45W_2	4159	pCK783	175.857	AmpR promoter; AmpR; origin pSC101; ori	14	2462
34_SXL45W_2	2530	pCK783	67.500	AmpR promoter; AmpR; ori	14	945
35_SXL45W_2	4148	pCK783	171.000	AmpR promoter; AmpR; origin pSC101; ori	14	2394
36_SXL45W_2	4152	pCK783	173.286	AmpR promoter; AmpR; origin pSC101; ori	14	2426
37_SXL45W_2	4132	pCK783	142.286	AmpR promoter; AmpR; origin pSC101; ori	14	1992
38_SXL45W_2	4156	pCK783	177.071	AmpR promoter; AmpR; origin pSC101; ori	14	2479
39_SXL45W_2	4155	pCK783	175.714	AmpR promoter; AmpR; origin pSC101; ori	14	2460
40_SXL45W_2	4151	pCK783	174.214	AmpR promoter; AmpR; origin pSC101; ori	14	2439
41_SXL45W_2	4161	pCK783	176.571	AmpR promoter; AmpR; origin pSC101; ori	14	2472
42_SXL45W_2	4157	pCK783	178.786	AmpR promoter; AmpR; origin pSC101; ori	14	2503
43_SXL45W_2	4163	pCK783	176.143	AmpR promoter; AmpR; origin pSC101; ori	14	2466
44_SXL45W_2	2818	pCK783	2290.000	AmpR promoter; AmpR; origin pSC101; ori	0	2290
45_SXL45W_2	4151	pCK783	287.375	AmpR promoter; AmpR; origin pSC101; ori	8	2299
46_SXL45W_2	4157	pCK783	174.429	AmpR promoter; AmpR; origin pSC101; ori	14	2442
47_SXL45W_2	4161	pCK783	173.357	AmpR promoter; AmpR; origin pSC101; ori	14	2427
48_SXL45W_2	4156	pCK783	180.000	AmpR promoter; AmpR; origin pSC101; ori	14	2520
49_SXL45W_2	4161	pCK783	403.667	AmpR promoter; AmpR; origin pSC101; ori	6	2422
50_SXL45W_2	4152	pCK783	175.714	AmpR promoter; AmpR; origin pSC101; ori	14	2460
51_SXL45W_2	1581	pCK783	1238.000	AmpR; origin pSC101; ori	0	1238
52_SXL45W_2	4153	pCK783	157.267	AmpR promoter; AmpR; origin pSC101; ori	15	2359
53_SXL45W_2	4143	pCK783	145.600	AmpR promoter; AmpR; origin pSC101; ori	15	2184
54_SXL45W_2	4078	pCK783	160.429	AmpR promoter; AmpR; origin pSC101; ori	14	2246
55_SXL45W_2	4146	pCK783	177.071	AmpR promoter; AmpR; origin pSC101; ori	14	2479
56_SXL45W_2	4153	pCK783	179.071	AmpR promoter; AmpR; origin pSC101; ori	14	2507
57_SXL45W_2	4162	pCK783	170.000	AmpR promoter; AmpR; origin pSC101; ori	14	2380
58_SXL45W_2	4166	pCK783	174.143	AmpR promoter; AmpR; origin pSC101; ori	14	2438
59_SXL45W_2	4151	pCK783	153.714	AmpR promoter; AmpR; origin pSC101; ori	14	2152
60_SXL45W_2	4159	pCK783	170.357	AmpR promoter; AmpR; origin pSC101; ori	14	2385
61_SXL45W_2	4163	pCK783	176.000	AmpR promoter; AmpR; origin pSC101; ori	14	2464
62_SXL45W_2	4158	pCK783	174.714	AmpR promoter; AmpR; origin pSC101; ori	14	2446
63_SXL45W_2	3532	pCK783	149.571	AmpR promoter; AmpR; origin pSC101; ori	14	2094
64_SXL45W_2	4159	pCK783	176.214	AmpR promoter; AmpR; origin pSC101; ori	14	2467
65_SXL45W_2	4154	pCK783	167.357	AmpR promoter; AmpR; origin pSC101; ori	14	2343
66_SXL45W_2	4158	pCK783	175.143	AmpR promoter; AmpR; origin pSC101; ori	14	2452
67_SXL45W_2	4162	pCK783	171.571	AmpR promoter; AmpR; origin pSC101; ori	14	2402
68_SXL45W_2	4148	pCK783	167.857	AmpR promoter; AmpR; origin pSC101; ori	14	2350
69_SXL45W_2	4164	pCK783	176.357	AmpR promoter; AmpR; origin pSC101; ori	14	2469
70_SXL45W_2	4156	pCK783	2451.000	AmpR promoter; AmpR; origin pSC101; ori	0	2451
71_SXL45W_2	4165	pCK783	170.857	AmpR promoter; AmpR; origin pSC101; ori	14	2392
72_SXL45W_2	4165	pCK783	177.143	AmpR promoter; AmpR; origin pSC101; ori	14	2480
73_SXL45W_2	4150	pCK783	572.250	AmpR promoter; AmpR; origin pSC101; ori	4	2289
74_SXL45W_2	4161	pCK783	171.714	AmpR promoter; AmpR; origin pSC101; ori	14	2404
75_SXL45W_2	4153	pCK783	176.429	AmpR promoter; AmpR; origin pSC101; ori	14	2470
76_SXL45W_2	4161	pCK783	174.000	AmpR promoter; AmpR; origin pSC101; ori	14	2436
77_SXL45W_2	4159	pCK783	175.857	AmpR promoter; AmpR; origin pSC101; ori	14	2462
78_SXL45W_2	2080	pCK783	1288.000	AmpR promoter; AmpR; origin pSC101	0	1288
79_SXL45W_2	4157	pCK783	172.643	AmpR promoter; AmpR; origin pSC101; ori	14	2417
80_SXL45W_2	4135	pCK783	174.143	AmpR promoter; AmpR; origin pSC101; ori	14	2438
81_SXL45W_2	4156	pCK783	176.214	AmpR promoter; AmpR; origin pSC101; ori	14	2467
82_SXL45W_2	4146	pCK783	161.786	AmpR promoter; AmpR; origin pSC101; ori	14	2265
83_SXL45W_2	4158	pCK783	178.214	AmpR promoter; AmpR; origin pSC101; ori	14	2495
84_SXL45W_2	4158	pCK783	2453.000	AmpR promoter; AmpR; origin pSC101; ori	1	2453
85_SXL45W_2	4162	pCK783	176.857	AmpR promoter; AmpR; origin pSC101; ori	14	2476
86_SXL45W_2	4153	pCK783	177.571	AmpR promoter; AmpR; origin pSC101; ori	14	2486
87_SXL45W_2	4162	pCK783	174.286	AmpR promoter; AmpR; origin pSC101; ori	14	2440
88_SXL45W_2	4159	pCK783	340.286	AmpR promoter; AmpR; origin pSC101; ori	7	2382
89_SXL45W_2	4156	pCK783	163.714	AmpR promoter; AmpR; origin pSC101; ori	14	2292
90_SXL45W_2	4154	pCK783	2427.000	AmpR promoter; AmpR; origin pSC101; ori	0	2427
91_SXL45W_2	4143	pCK783	163.143	AmpR promoter; AmpR; origin pSC101; ori	14	2284
92_SXL45W_2	4161	pCK783	165.071	AmpR promoter; AmpR; origin pSC101; ori	14	2311
93_SXL45W_2	4155	pCK783	166.000	AmpR promoter; AmpR; origin pSC101; ori	14	2324
94_SXL45W_2	4154	pCK783	496.400	AmpR promoter; AmpR; origin pSC101; ori	5	2482
95_SXL45W_2	4160	pCK783	179.857	AmpR promoter; AmpR; origin pSC101; ori	14	2518
96_SXL45W_2	4178	pCK783	169.714	AmpR promoter; AmpR; origin pSC101; ori	14	2376
97_SXL45W_2	4160	pCK783	172.500	AmpR promoter; AmpR; origin pSC101; ori	14	2415
98_SXL45W_2	4151	pCK783	161.357	AmpR promoter; AmpR; origin pSC101; ori	14	2259
99_SXL45W_2	4168	pCK783	174.286	AmpR promoter; AmpR; origin pSC101; ori	14	2440
100_SXL45W_2	4157	pCK783	171.500	AmpR promoter; AmpR; origin pSC101; ori	14	2401
101_SXL45W_2	4157	pCK783	176.643	AmpR promoter; AmpR; origin pSC101; ori	14	2473
102_SXL45W_2	4152	pCK783	170.500	AmpR promoter; AmpR; origin pSC101; ori	14	2387
103_SXL45W_2	4159	pCK783	173.857	AmpR promoter; AmpR; origin pSC101; ori	14	2434
104_SXL45W_2	4157	pCK783	173.786	AmpR promoter; AmpR; origin pSC101; ori	14	2433
105_SXL45W_2	4173	pCK783	169.000	AmpR promoter; AmpR; origin pSC101; ori	14	2366
106_SXL45W_2	4156	pCK783	179.143	AmpR promoter; AmpR; origin pSC101; ori	14	2508
107_SXL45W_2	4155	pCK783	173.286	AmpR promoter; AmpR; origin pSC101; ori	14	2426
108_SXL45W_2	4172	pCK783	166.643	AmpR promoter; AmpR; origin pSC101; ori	14	2333
109_SXL45W_2	4155	pCK783	171.071	AmpR promoter; AmpR; origin pSC101; ori	14	2395
110_SXL45W_2	4151	pCK783	168.571	AmpR promoter; AmpR; origin pSC101; ori	14	2360
111_SXL45W_2	4148	pCK783	170.571	AmpR promoter; AmpR; origin pSC101; ori	14	2388
112_SXL45W_2	4151	pCK783	176.429	AmpR promoter; AmpR; origin pSC101; ori	14	2470
113_SXL45W_2	4162	pCK783	178.286	AmpR promoter; AmpR; origin pSC101; ori	14	2496
114_SXL45W_2	4158	pCK783	173.786	AmpR promoter; AmpR; origin pSC101; ori	14	2433
115_SXL45W_2	4155	pCK783	495.000	AmpR promoter; AmpR; origin pSC101; ori	5	2475
116_SXL45W_2	4155	pCK783	173.143	AmpR promoter; AmpR; origin pSC101; ori	14	2424
117_SXL45W_2	1696	pCK783	23.357	AmpR promoter; AmpR	14	327
118_SXL45W_2	4151	pCK783	170.500	AmpR promoter; AmpR; origin pSC101; ori	14	2387
119_SXL45W_2	4158	pCK783	175.500	AmpR promoter; AmpR; origin pSC101; ori	14	2457
120_SXL45W_2	4168	pCK783	167.571	AmpR promoter; AmpR; origin pSC101; ori	14	2346
121_SXL45W_2	4159	pCK783	2491.000	AmpR promoter; AmpR; origin pSC101; ori	0	2491
122_SXL45W_2	1720	pCK783	1052.000	AmpR promoter; AmpR	0	1052
123_SXL45W_2	4154	pCK783	165.643	AmpR promoter; AmpR; origin pSC101; ori	14	2319
124_SXL45W_2	4158	pCK783	2431.000	AmpR promoter; AmpR; origin pSC101; ori	1	2431
125_SXL45W_2	4182	pCK783	176.286	AmpR promoter; AmpR; origin pSC101; ori	14	2468
126_SXL45W_2	4197	pCK783	159.500	AmpR promoter; AmpR; origin pSC101; ori	14	2233
127_SXL45W_2	4156	pCK783	322.286	AmpR promoter; AmpR; origin pSC101; ori	7	2256
128_SXL45W_2	2198	pCK783	94.286	origin pSC101; ori	14	1320
129_SXL45W_2	4164	pCK783	176.786	AmpR promoter; AmpR; origin pSC101; ori	14	2475
130_SXL45W_2	4145	pCK783	171.071	AmpR promoter; AmpR; origin pSC101; ori	14	2395
131_SXL45W_2	4158	pCK783	169.929	AmpR promoter; AmpR; origin pSC101; ori	14	2379
132_SXL45W_2	2976	pCK783	101.071	AmpR promoter; AmpR; origin pSC101; ori	14	1415
133_SXL45W_2	4162	pCK783	178.143	AmpR promoter; AmpR; origin pSC101; ori	14	2494
134_SXL45W_2	4155	pCK783	172.929	AmpR promoter; AmpR; origin pSC101; ori	14	2421
135_SXL45W_2	4159	pCK783	176.286	AmpR promoter; AmpR; origin pSC101; ori	14	2468
136_SXL45W_2	1679	pCK783	46.889	ori	9	422
137_SXL45W_2	4148	pCK783	1191.500	AmpR promoter; AmpR; origin pSC101; ori	2	2383
138_SXL45W_2	4140	pCK783	167.571	AmpR promoter; AmpR; origin pSC101; ori	14	2346
139_SXL45W_2	4164	pCK783	158.571	AmpR promoter; AmpR; origin pSC101; ori	14	2220
140_SXL45W_2	4158	pCK783	177.857	AmpR promoter; AmpR; origin pSC101; ori	14	2490
141_SXL45W_2	4152	pCK783	807.667	AmpR promoter; AmpR; origin pSC101; ori	3	2423
142_SXL45W_2	4151	pCK783	168.786	AmpR promoter; AmpR; origin pSC101; ori	14	2363
143_SXL45W_2	4160	pCK783	174.429	AmpR promoter; AmpR; origin pSC101; ori	14	2442
144_SXL45W_2	4155	pCK783	166.714	AmpR promoter; AmpR; origin pSC101; ori	14	2334
145_SXL45W_2	4153	pCK783	169.714	AmpR promoter; AmpR; origin pSC101; ori	14	2376
146_SXL45W_2	4143	pCK783	175.143	AmpR promoter; AmpR; origin pSC101; ori	14	2452
147_SXL45W_2	4186	pCK783	177.429	AmpR promoter; AmpR; origin pSC101; ori	14	2484
148_SXL45W_2	4157	pCK783	175.214	AmpR promoter; AmpR; origin pSC101; ori	14	2453
